{
  "n_comm": 15,
  "comm_coords": {
    "0": [
      -1.0272036165,
      0.2320163609
    ],
    "1": [
      -2.1573108198721656,
      -1.7728793483306022
    ],
    "2": [
      -2.6793149720501312,
      -0.15060263580672917
    ],
    "3": [
      -2.5176933473370045,
      1.7738334617642249
    ],
    "4": [
      -1.0225555825395825,
      2.413648035487471
    ],
    "5": [
      0.37493414427698113,
      3.146067350144344
    ],
    "6": [
      1.8987030632757635,
      4.030021695419882
    ],
    "7": [
      3.049950381560171,
      3.3960835821083233
    ],
    "8": [
      3.4739645862341213,
      1.6464292555909
    ],
    "9": [
      3.4207140722456373,
      -0.6328213735760237
    ],
    "10": [
      2.362531418430157,
      -2.352083701611418
    ],
    "11": [
      0.4475082954680616,
      -2.632870828130067
    ],
    "12": [
      -1.471629023426508,
      -0.26779592408373887
    ],
    "13": [
      -0.2679132335887786,
      1.7515448315845727
    ],
    "14": [
      1.7421543312828902,
      2.6472226066051094
    ]
  },
  "p2c": {
    "0": 0,
    "1": 3,
    "2": 2,
    "3": 3,
    "4": 3,
    "5": 4,
    "6": 4,
    "7": 5,
    "8": 14,
    "9": 7,
    "10": 6,
    "11": 6,
    "12": 7,
    "13": 7,
    "14": 8,
    "15": 8,
    "16": 9,
    "17": 9,
    "18": 4,
    "19": 5,
    "20": 5,
    "21": 6,
    "22": 2,
    "23": 1,
    "24": 1,
    "25": 3,
    "26": 12,
    "27": 1,
    "28": 1,
    "29": 11,
    "30": 11,
    "31": 10,
    "32": 10
  },
  "c2p": {
    "0": [
      0
    ],
    "1": [
      23,
      24,
      27,
      28
    ],
    "2": [
      2,
      22
    ],
    "3": [
      1,
      3,
      4,
      25
    ],
    "4": [
      5,
      6,
      18
    ],
    "5": [
      7,
      19,
      20
    ],
    "6": [
      10,
      11,
      21
    ],
    "7": [
      9,
      12,
      13
    ],
    "8": [
      14,
      15
    ],
    "9": [
      16,
      17
    ],
    "10": [
      31,
      32
    ],
    "11": [
      29,
      30
    ],
    "12": [
      26
    ],
    "13": [],
    "14": [
      8
    ]
  },
  "edges": [
    [
      3,
      4
    ],
    [
      5,
      7
    ],
    [
      5,
      13
    ],
    [
      3,
      13
    ],
    [
      0,
      2
    ],
    [
      8,
      9
    ],
    [
      9,
      14
    ],
    [
      9,
      11
    ],
    [
      0,
      11
    ],
    [
      1,
      12
    ],
    [
      13,
      14
    ],
    [
      6,
      8
    ],
    [
      6,
      14
    ],
    [
      4,
      5
    ],
    [
      5,
      6
    ],
    [
      3,
      12
    ],
    [
      0,
      1
    ],
    [
      9,
      10
    ],
    [
      8,
      14
    ],
    [
      1,
      2
    ],
    [
      0,
      4
    ],
    [
      10,
      11
    ],
    [
      0,
      10
    ],
    [
      1,
      11
    ],
    [
      0,
      13
    ],
    [
      6,
      7
    ],
    [
      4,
      13
    ],
    [
      5,
      14
    ],
    [
      0,
      3
    ],
    [
      8,
      10
    ]
  ],
  "coverage_radius": 2.0
}